"SampleID","cluster"
"10003","Lactobacillus_iners"
"10007","Lactobacillus_iners"
"10042","Lactobacillus_iners"
"10048","Lactobacillus_iners"
"10058","Mycoplasma_girerdii"
"10075","Lactobacillus_iners"
"10080","Lactobacillus_iners"
"10085","notype"
"10087","Lactobacillus_crispatus_cluster"
"10100","Gardnerella_vaginalis"
"10116","Lactobacillus_crispatus_cluster"
"10119","Lactobacillus_iners"
"10126","Lactobacillus_iners"
"10130","Lactobacillus_crispatus_cluster"
"10146","Lactobacillus_iners"
"10181","Lactobacillus_iners"
"10210","Lactobacillus_iners"
"10222","Lactobacillus_iners"
"10236","Lactobacillus_iners"
"10245","Lactobacillus_gasseri_cluster"
"10283","Lactobacillus_crispatus_cluster"
"10312","Lactobacillus_iners"
"10327","Lactobacillus_iners"
"10450","Lactobacillus_iners"
"10453","Lactobacillus_gasseri_cluster"
"10456","Lactobacillus_iners"
"10467","Lactobacillus_crispatus_cluster"
"10469","Lactobacillus_iners"
"10507","Lachnospiraceae_BVAB1"
"10513","notype"
"10566","Lactobacillus_iners"
"10569","Gardnerella_vaginalis"
"10599","Lactobacillus_iners"
"10609","Lactobacillus_iners"
"10634","Lactobacillus_iners"
"10666","Lactobacillus_crispatus_cluster"
"10711","Lachnospiraceae_BVAB1"
"10713","Lactobacillus_crispatus_cluster"
"10714","Lactobacillus_iners"
"10747","Lactobacillus_iners"
"10751","Lactobacillus_iners"
"10753","Lactobacillus_iners"
"10778","Lactobacillus_iners"
"10780","Atopobium_vaginae"
"10860","Lactobacillus_crispatus_cluster"
"10864","Lactobacillus_iners"
"10866","Lactobacillus_iners"
"10868","Lactobacillus_iners"
"10886","Lactobacillus_crispatus_cluster"
"10910","Gardnerella_vaginalis"
"10923","Lactobacillus_jensenii/fornicalis/psittaci"
"10940","notype"
"11011","Lactobacillus_iners"
"11035","Lactobacillus_gasseri_cluster"
"11037","Lactobacillus_jensenii/fornicalis/psittaci"
"11043","Lactobacillus_iners"
"11044","Lactobacillus_iners"
"11049","Lactobacillus_crispatus_cluster"
"11060","Lactobacillus_jensenii/fornicalis/psittaci"
"11074","Lactobacillus_iners"
"11085","Lactobacillus_crispatus_cluster"
"11094","Lactobacillus_iners"
"11118","Lactobacillus_crispatus_cluster"
"11119","Lactobacillus_iners"
"11139","Lactobacillus_iners"
"11145","Lactobacillus_iners"
"11148","Lactobacillus_gasseri_cluster"
"11184","Lactobacillus_crispatus_cluster"
"11227","Lactobacillus_iners"
"11296","Gardnerella_vaginalis"
"11300","Lactobacillus_crispatus_cluster"
"11301","Lactobacillus_crispatus_cluster"
"11310","Lactobacillus_gasseri_cluster"
"11314","Sneathia_sanguinegens"
"11315","Lactobacillus_iners"
"11316","Lactobacillus_iners"
"11318","Lactobacillus_crispatus_cluster"
"11319","Lactobacillus_iners"
"11339","Lachnospiraceae_BVAB1"
"11342","Lactobacillus_crispatus_cluster"
"11346","Lactobacillus_gasseri_cluster"
"11347","Lactobacillus_crispatus_cluster"
"11361","Lactobacillus_iners"
"11374","Lactobacillus_gasseri_cluster"
"11383","Lactobacillus_iners"
"11391","Lactobacillus_gasseri_cluster"
"11396","Gardnerella_vaginalis"
"11407","Lactobacillus_iners"
"11409","Sneathia_amnii"
"11420","notype"
"11428","Lactobacillus_gasseri_cluster"
"11433","Lactobacillus_iners"
"11451","Gardnerella_vaginalis"
"11455","Lactobacillus_crispatus_cluster"
"11461","Lactobacillus_iners"
"11462","Bifidobacterium_breve_cluster"
"11465","Lactobacillus_iners"
"11487","Lactobacillus_crispatus_cluster"
"11490","Lactobacillus_crispatus_cluster"
"11491","Lactobacillus_crispatus_cluster"
"11492","Lactobacillus_crispatus_cluster"
"11493","Lactobacillus_crispatus_cluster"
"11500","Lactobacillus_iners"
"11503","Lactobacillus_gasseri_cluster"
"11504","Lactobacillus_iners"
"11507","Lactobacillus_crispatus_cluster"
"11508","Lactobacillus_iners"
"11519","Lactobacillus_iners"
"11520","Lactobacillus_jensenii/fornicalis/psittaci"
"11521","Lactobacillus_iners"
"11526","Lactobacillus_jensenii/fornicalis/psittaci"
"11536","Lachnospiraceae_BVAB1"
"11550","Lactobacillus_gasseri_cluster"
"11565","Lactobacillus_crispatus_cluster"
"11596","Lactobacillus_crispatus_cluster"
"11600","Streptococcus_agalactiae"
"11607","Lactobacillus_iners"
"11622","Lactobacillus_iners"
"11631","Lactobacillus_delbrueckii"
"11633","Lactobacillus_iners"
"11639","Lachnospiraceae_BVAB1"
"11646","Lactobacillus_crispatus_cluster"
"11650","Lactobacillus_iners"
"11667","Gardnerella_vaginalis"
"11671","Lactobacillus_iners"
"11693","Lactobacillus_crispatus_cluster"
"11701","Megasphaera_OTU70_type1"
"11715","Lachnospiraceae_BVAB1"
"11717","Lactobacillus_iners"
"11718","Lactobacillus_crispatus_cluster"
"11724","notype"
"11727","Lactobacillus_jensenii/fornicalis/psittaci"
"11781","Lactobacillus_iners"
"11827","Lactobacillus_iners"
"11829","Gardnerella_vaginalis"
"11840","Lactobacillus_iners"
"11859","Lactobacillus_iners"
"11886","Lactobacillus_crispatus_cluster"
"11888","Lactobacillus_crispatus_cluster"
"11892","Lactobacillus_iners"
"11901","Lactobacillus_gasseri_cluster"
"11903","Lactobacillus_iners"
"11906","notype"
"11922","Lactobacillus_iners"
"11928","Streptococcus_agalactiae"
"11930","Lactobacillus_crispatus_cluster"
"11931","Lactobacillus_crispatus_cluster"
"11934","Lactobacillus_iners"
"11936","Lactobacillus_jensenii/fornicalis/psittaci"
"11939","Lactobacillus_iners"
"11954","Lactobacillus_crispatus_cluster"
"11971","Gardnerella_vaginalis"
"11973","Lachnospiraceae_BVAB1"
"12007","Lactobacillus_iners"
"12053","Lachnospiraceae_BVAB1"
"12083","Lactobacillus_iners"
"12086","notype"
"12113","Lachnospiraceae_BVAB1"
"12130","Lactobacillus_iners"
"12134","Lachnospiraceae_BVAB1"
"12137","Lactobacillus_iners"
"12141","Bifidobacterium_bifidum"
"12150","Lactobacillus_crispatus_cluster"
"12161","Lactobacillus_iners"
"12162","Lachnospiraceae_BVAB1"
"12163","Lactobacillus_iners"
"12165","notype"
"12174","Lachnospiraceae_BVAB1"
"12179","Lactobacillus_crispatus_cluster"
"12194","Lactobacillus_crispatus_cluster"
"12206","Lactobacillus_iners"
"12209","Lactobacillus_gasseri_cluster"
"12220","Gardnerella_vaginalis"
"12233","Lactobacillus_jensenii/fornicalis/psittaci"
"12241","Lactobacillus_iners"
"12251","Lactobacillus_iners"
"12259","Lactobacillus_iners"
"12278","Bifidobacterium_breve_cluster"
"12282","Lactobacillus_gasseri_cluster"
"12312","Lactobacillus_jensenii/fornicalis/psittaci"
"12314","Lactobacillus_iners"
"12318","Lactobacillus_iners"
"12321","Lactobacillus_iners"
"12326","Lactobacillus_crispatus_cluster"
"12329","Lactobacillus_crispatus_cluster"
"12334","Lactobacillus_crispatus_cluster"
"12341","Lactobacillus_iners"
"12373","notype"
"12376","Lactobacillus_crispatus_cluster"
"12384","Lactobacillus_gasseri_cluster"
"12387","Lactobacillus_iners"
"12399","Lactobacillus_crispatus_cluster"
"12422","Lactobacillus_crispatus_cluster"
"12424","Lactobacillus_crispatus_cluster"
"12435","Lactobacillus_iners"
"12443","Lachnospiraceae_BVAB1"
"12444","Lactobacillus_iners"
"12463","Lactobacillus_crispatus_cluster"
"12464","Lactobacillus_iners"
"12479","Streptococcus_agalactiae"
"12483","Lactobacillus_crispatus_cluster"
"12495","Lactobacillus_iners"
"12508","Lactobacillus_iners"
"12522","Lactobacillus_iners"
"12523","Lactobacillus_crispatus_cluster"
"12531","Lactobacillus_iners"
"12553","Lactobacillus_crispatus_cluster"
"12595","Lactobacillus_crispatus_cluster"
"12597","Lactobacillus_iners"
"12615","Lactobacillus_gasseri_cluster"
"12617","Lactobacillus_gasseri_cluster"
"12624","Lactobacillus_crispatus_cluster"
"12633","Lactobacillus_gasseri_cluster"
"12641","Lactobacillus_iners"
"12643","notype"
"12662","Lactobacillus_iners"
"12682","Lactobacillus_crispatus_cluster"
"12688","Lachnospiraceae_BVAB1"
"12724","Lactobacillus_iners"
"12730","Lactobacillus_crispatus_cluster"
"12734","Lachnospiraceae_BVAB1"
"12739","Lactobacillus_iners"
"12752","Lactobacillus_iners"
"12761","Lactobacillus_gasseri_cluster"
"12767","Lactobacillus_crispatus_cluster"
"12786","Lactobacillus_gasseri_cluster"
"12788","Lactobacillus_iners"
"12793","Lactobacillus_crispatus_cluster"
"12809","Lactobacillus_jensenii/fornicalis/psittaci"
"12812","Lactobacillus_crispatus_cluster"
"12814","Lactobacillus_iners"
"12818","Lactobacillus_iners"
"12821","Lactobacillus_iners"
"12825","Lactobacillus_gasseri_cluster"
"12836","Lactobacillus_iners"
"12853","Atopobium_vaginae"
"12854","Lactobacillus_iners"
"12859","Lactobacillus_crispatus_cluster"
"12870","Lactobacillus_cluster17"
"12891","Lactobacillus_crispatus_cluster"
"12897","Lactobacillus_iners"
"12930","Lactobacillus_iners"
"12945","Lactobacillus_crispatus_cluster"
"12955","Lactobacillus_crispatus_cluster"
"12966","Lactobacillus_iners"
"12982","Gardnerella_vaginalis"
"12993","Lactobacillus_iners"
"12994","Lactobacillus_iners"
"12995","Lactobacillus_iners"
"13003","Lactobacillus_iners"
"13005","Lactobacillus_crispatus_cluster"
"13011","Lactobacillus_crispatus_cluster"
"13025","Lactobacillus_gasseri_cluster"
"13033","Lactobacillus_iners"
"13035","Lactobacillus_iners"
"13038","Lactobacillus_iners"
"13051","Lactobacillus_iners"
"13065","Lactobacillus_iners"
"13071","Lactobacillus_crispatus_cluster"
"13074","Atopobium_vaginae"
"13082","Gardnerella_vaginalis"
"13084","Lactobacillus_gasseri_cluster"
"13087","Lactobacillus_iners"
"13095","Lactobacillus_iners"
"13096","Lactobacillus_iners"
"13104","Lactobacillus_crispatus_cluster"
"13114","Lactobacillus_iners"
"13115","Lactobacillus_iners"
"13119","Lactobacillus_iners"
"13146","Lactobacillus_crispatus_cluster"
"13147","Lactobacillus_crispatus_cluster"
"13148","Lactobacillus_iners"
"13172","Atopobium_vaginae"
"13178","Lactobacillus_crispatus_cluster"
"13181","Lactobacillus_crispatus_cluster"
"13196","Lactobacillus_iners"
"13197","Lactobacillus_iners"
"13202","Lactobacillus_crispatus_cluster"
"13226","Lactobacillus_iners"
"13228","Lactobacillus_iners"
"13236","Lactobacillus_iners"
"13241","Lactobacillus_jensenii/fornicalis/psittaci"
"13252","Lactobacillus_jensenii/fornicalis/psittaci"
"13258","Lactobacillus_jensenii/fornicalis/psittaci"
"13262","Lactobacillus_iners"
"13267","Lactobacillus_iners"
"13270","Lactobacillus_iners"
"13274","Lactobacillus_crispatus_cluster"
"13279","Lactobacillus_iners"
"13285","Lactobacillus_iners"
"13289","Lactobacillus_iners"
"13293","Lactobacillus_crispatus_cluster"
"13308","Lactobacillus_iners"
"13310","Lactobacillus_crispatus_cluster"
"13333","Lactobacillus_iners"
"13334","Lachnospiraceae_BVAB1"
"13347","Atopobium_vaginae"
"13349","Lactobacillus_jensenii/fornicalis/psittaci"
"13352","Lactobacillus_crispatus_cluster"
"13364","Lactobacillus_iners"
"13388","Lactobacillus_iners"
"13390","Lactobacillus_iners"
"13399","Lactobacillus_iners"
"13402","Lactobacillus_crispatus_cluster"
"13411","Lactobacillus_iners"
"13424","Lactobacillus_crispatus_cluster"
"13428","Gardnerella_vaginalis"
"13430","Lactobacillus_crispatus_cluster"
"13433","Lactobacillus_crispatus_cluster"
"13446","Lactobacillus_iners"
"13450","Lactobacillus_iners"
"13464","Lactobacillus_iners"
"13468","Lactobacillus_jensenii/fornicalis/psittaci"
"13475","Gardnerella_vaginalis"
"13500","Lachnospiraceae_BVAB1"
"13504","Lactobacillus_crispatus_cluster"
"13511","Lactobacillus_jensenii/fornicalis/psittaci"
"13513","Lactobacillus_crispatus_cluster"
"13514","Lactobacillus_crispatus_cluster"
"13542","Lachnospiraceae_BVAB1"
"13548","Gardnerella_vaginalis"
"13567","Bifidobacterium_breve_cluster"
"13579","Lactobacillus_iners"
"13584","Lactobacillus_iners"
"13590","Lactobacillus_crispatus_cluster"
"13596","Lactobacillus_crispatus_cluster"
"13597","Lachnospiraceae_BVAB1"
"13601","Lactobacillus_iners"
"13604","Lactobacillus_crispatus_cluster"
"13606","Lactobacillus_crispatus_cluster"
"13608","Lactobacillus_jensenii/fornicalis/psittaci"
"13622","Lactobacillus_crispatus_cluster"
"13623","Lactobacillus_crispatus_cluster"
"13651","Atopobium_vaginae"
"13660","Lactobacillus_crispatus_cluster"
"13662","Lactobacillus_crispatus_cluster"
"13669","Lactobacillus_gasseri_cluster"
"13672","Lactobacillus_iners"
"13676","Fusobacterium_cluster48"
"13680","Lactobacillus_gasseri_cluster"
"13697","Atopobium_vaginae"
"13709","Lactobacillus_crispatus_cluster"
"13725","Lactobacillus_crispatus_cluster"
"13740","Lactobacillus_crispatus_cluster"
"13751","Lactobacillus_iners"
"13761","Lactobacillus_crispatus_cluster"
"13773","Gardnerella_vaginalis"
"13790","Lactobacillus_iners"
"13805","Lactobacillus_iners"
"13810","Lactobacillus_crispatus_cluster"
"13824","Lactobacillus_crispatus_cluster"
"13827","Lactobacillus_jensenii/fornicalis/psittaci"
"13832","Lactobacillus_iners"
"13835","Lactobacillus_iners"
"13839","Gardnerella_vaginalis"
"13847","Lactobacillus_gasseri_cluster"
"13853","Lactobacillus_iners"
"13915","Lactobacillus_delbrueckii"
"13933","Lactobacillus_iners"
"13943","Lactobacillus_iners"
"13947","Lactobacillus_crispatus_cluster"
"13953","Lactobacillus_iners"
"13971","Lactobacillus_crispatus_cluster"
"13972","Lactobacillus_crispatus_cluster"
"13973","Lactobacillus_crispatus_cluster"
"13983","Lactobacillus_crispatus_cluster"
"14008","Gardnerella_vaginalis"
"14011","Lactobacillus_gasseri_cluster"
"14014","Lactobacillus_gasseri_cluster"
"14021","Lachnospiraceae_BVAB1"
"14024","Lactobacillus_iners"
"14052","Lactobacillus_iners"
"14062","Lactobacillus_iners"
"14084","Lactobacillus_iners"
"14095","Bifidobacterium_breve_cluster"
"14104","Lactobacillus_gasseri_cluster"
"14112","Lactobacillus_iners"
"14116","Lactobacillus_crispatus_cluster"
"14120","Lactobacillus_jensenii/fornicalis/psittaci"
"14128","Lactobacillus_iners"
"14131","Lactobacillus_iners"
"14132","Lactobacillus_crispatus_cluster"
"14137","Lactobacillus_gasseri_cluster"
"14154","Lactobacillus_iners"
"14160","Lactobacillus_iners"
"14167","Lactobacillus_iners"
"14179","Lactobacillus_iners"
"14190","Lactobacillus_crispatus_cluster"
"14193","Lactobacillus_iners"
"14203","Lactobacillus_crispatus_cluster"
"14204","Lactobacillus_iners"
"14221","Lactobacillus_iners"
"14235","Lactobacillus_gasseri_cluster"
"14253","Lactobacillus_crispatus_cluster"
"14264","Lactobacillus_crispatus_cluster"
"14274","Lactobacillus_iners"
"14276","Gardnerella_vaginalis"
"14277","Lachnospiraceae_BVAB1"
"14289","notype"
"14295","Lactobacillus_crispatus_cluster"
"14314","notype"
"14330","Lactobacillus_gasseri_cluster"
"14339","Lactobacillus_gasseri_cluster"
"14342","Lactobacillus_iners"
"14343","Lactobacillus_crispatus_cluster"
"14345","Lactobacillus_iners"
"14356","Lactobacillus_crispatus_cluster"
"14367","Lactobacillus_iners"
"14430","Lactobacillus_crispatus_cluster"
"14452","Lactobacillus_iners"
"14461","Lactobacillus_gasseri_cluster"
"14463","Lachnospiraceae_BVAB1"
"14468","Lactobacillus_iners"
"14484","Lactobacillus_delbrueckii"
"14491","Lactobacillus_iners"
"14499","Lactobacillus_iners"
"14504","Lactobacillus_crispatus_cluster"
"14506","Lactobacillus_gasseri_cluster"
"14511","Lactobacillus_crispatus_cluster"
"14516","Lactobacillus_jensenii/fornicalis/psittaci"
"14517","Lactobacillus_iners"
"14533","Gardnerella_vaginalis"
"14534","Lactobacillus_crispatus_cluster"
"14537","Lactobacillus_iners"
"14558","Atopobium_vaginae"
"14581","Lactobacillus_crispatus_cluster"
"14590","Lactobacillus_iners"
"14615","Lactobacillus_iners"
"14630","Lactobacillus_iners"
"14651","Lactobacillus_crispatus_cluster"
"14654","notype"
"14656","Gardnerella_vaginalis"
"14660","Lactobacillus_crispatus_cluster"
"14673","Lachnospiraceae_BVAB1"
"14676","Lactobacillus_crispatus_cluster"
"14683","Lactobacillus_crispatus_cluster"
"14694","Lactobacillus_jensenii/fornicalis/psittaci"
"14727","Lactobacillus_iners"
"14736","Lactobacillus_iners"
"14745","Lactobacillus_crispatus_cluster"
"14755","Lactobacillus_iners"
"14763","Lactobacillus_iners"
"14780","Lactobacillus_gasseri_cluster"
"14781","Lachnospiraceae_BVAB1"
"14792","Lactobacillus_crispatus_cluster"
"14797","Lactobacillus_gasseri_cluster"
"14824","Lactobacillus_jensenii/fornicalis/psittaci"
"14827","Lactobacillus_iners"
"14831","Lactobacillus_jensenii/fornicalis/psittaci"
"14874","Lactobacillus_iners"
"14894","Lactobacillus_jensenii/fornicalis/psittaci"
"14912","Lactobacillus_crispatus_cluster"
"14920","Lactobacillus_iners"
"14924","Lactobacillus_iners"
"14948","Lactobacillus_iners"
"14954","Lactobacillus_crispatus_cluster"
"14983","Lactobacillus_iners"
"14984","Lactobacillus_crispatus_cluster"
"15043","Lactobacillus_iners"
"15049","Lactobacillus_iners"
"15097","Lactobacillus_crispatus_cluster"
"15102","Lactobacillus_iners"
"15105","Lactobacillus_crispatus_cluster"
"15125","Lactobacillus_crispatus_cluster"
"15129","Lactobacillus_jensenii/fornicalis/psittaci"
"15141","Lactobacillus_crispatus_cluster"
"15152","Lactobacillus_jensenii/fornicalis/psittaci"
"15160","Lactobacillus_iners"
"15161","Lactobacillus_crispatus_cluster"
"15164","Lactobacillus_iners"
"15198","Lactobacillus_iners"
"15218","Lactobacillus_jensenii/fornicalis/psittaci"
"15221","Lactobacillus_crispatus_cluster"
"15224","Lactobacillus_iners"
"15275","Atopobium_vaginae"
"15278","Lactobacillus_iners"
"15342","Lactobacillus_gasseri_cluster"
"15351","Lactobacillus_iners"
"15357","Lachnospiraceae_BVAB1"
"15365","Atopobium_vaginae"
"15374","Gardnerella_vaginalis"
"15417","Lactobacillus_iners"
"15422","Lactobacillus_iners"
"15434","Lactobacillus_jensenii/fornicalis/psittaci"
"15456","Lactobacillus_crispatus_cluster"
"15510","notype"
"15515","Lactobacillus_iners"
"15560","Lactobacillus_gasseri_cluster"
"15628","Megasphaera_OTU70_type1"
"15660","Lactobacillus_iners"
"20147","Lactobacillus_iners"
"20158","Lactobacillus_iners"
"20166","Lactobacillus_jensenii/fornicalis/psittaci"
"20339","Lactobacillus_crispatus_cluster"
"20389","Lactobacillus_gasseri_cluster"
"20401","Lactobacillus_crispatus_cluster"
"20408","Lactobacillus_iners"
"20438","Lactobacillus_iners"
"20505","Lactobacillus_iners"
"20511","Lactobacillus_iners"
"20524","Atopobium_vaginae"
"20553","Lactobacillus_iners"
"20563","notype"
"20631","Lactobacillus_iners"
"20642","Lactobacillus_crispatus_cluster"
"20646","Lactobacillus_iners"
"20669","Lactobacillus_iners"
"20687","Lactobacillus_iners"
"20699","Lactobacillus_iners"
"20720","Lactobacillus_iners"
"20748","Lactobacillus_iners"
"20770","Lactobacillus_iners"
"20824","Lactobacillus_iners"
"20864","Lactobacillus_iners"
"20867","Lactobacillus_iners"
"20868","Lactobacillus_crispatus_cluster"
"20930","Lactobacillus_iners"
"20944","Lactobacillus_iners"
"20977","Gardnerella_vaginalis"
"21029","Lactobacillus_iners"
"21041","Lactobacillus_iners"
"21046","Lactobacillus_iners"
"21064","Lactobacillus_iners"
"21071","Lactobacillus_iners"
"21131","Lactobacillus_iners"
"21205","Lactobacillus_gasseri_cluster"
"21226","Gardnerella_vaginalis"
"21247","Lactobacillus_iners"
"21273","Gardnerella_vaginalis"
"21379","Lactobacillus_gasseri_cluster"
"21386","Lactobacillus_crispatus_cluster"
"21412","notype"
"21456","Lactobacillus_iners"
"21514","Lactobacillus_iners"
"21599","Lactobacillus_crispatus_cluster"
"21603","Lactobacillus_iners"
"21667","Lactobacillus_iners"
"21674","Lactobacillus_jensenii/fornicalis/psittaci"
"21698","Lactobacillus_iners"
"21704","Lactobacillus_iners"
"21750","Lactobacillus_iners"
"21797","Lactobacillus_crispatus_cluster"
"21805","Lachnospiraceae_BVAB1"
"21866","Lactobacillus_iners"
"21873","notype"
"21875","Lactobacillus_iners"
"21876","Lactobacillus_crispatus_cluster"
"21906","Lactobacillus_gasseri_cluster"
"21911","Lactobacillus_crispatus_cluster"
"21914","Lactobacillus_iners"
"21950","Lachnospiraceae_BVAB1"
"21953","Lactobacillus_iners"
"22027","Prevotella_amnii"
"22074","Alloscardovia_omnicolens"
"22101","Lactobacillus_iners"
"22102","Lactobacillus_iners"
"22110","Lactobacillus_iners"
"22218","Lactobacillus_iners"
"22227","Lactobacillus_gasseri_cluster"
"22234","Lactobacillus_iners"
"22350","Lactobacillus_crispatus_cluster"
"22352","Lactobacillus_jensenii/fornicalis/psittaci"
"22353","Lactobacillus_iners"
"22361","Lactobacillus_iners"
"22365","Lactobacillus_iners"
"22382","Lachnospiraceae_BVAB1"
"22383","Lactobacillus_crispatus_cluster"
"22416","Lactobacillus_iners"
"22448","Lactobacillus_iners"
"22460","Megasphaera_OTU70_type1"
"22488","Lactobacillus_iners"
"22491","Lactobacillus_iners"
"22499","Lactobacillus_iners"
"22516","Lactobacillus_jensenii/fornicalis/psittaci"
"22528","Lactobacillus_crispatus_cluster"
"22530","Lactobacillus_crispatus_cluster"
"22547","Lactobacillus_crispatus_cluster"
"22558","Lactobacillus_iners"
"22564","Lactobacillus_iners"
"22568","Gardnerella_vaginalis"
"22572","Prevotella_amnii"
"22576","Megasphaera_OTU71_type2"
"22603","notype"
"22619","Lactobacillus_iners"
"22632","Lactobacillus_iners"
"22640","Lactobacillus_iners"
"22641","Lactobacillus_crispatus_cluster"
"22669","Lactobacillus_crispatus_cluster"
"22677","Lachnospiraceae_BVAB1"
"22699","Lactobacillus_crispatus_cluster"
"22702","Lactobacillus_jensenii/fornicalis/psittaci"
"22723","Gardnerella_vaginalis"
"22763","Lactobacillus_iners"
"22772","Gardnerella_vaginalis"
"22783","Lactobacillus_iners"
"22799","Lactobacillus_iners"
"22800","Lactobacillus_iners"
"22808","Lactobacillus_iners"
"22845","Lactobacillus_iners"
"22856","Lactobacillus_crispatus_cluster"
"22857","Lactobacillus_iners"
"22865","Lactobacillus_iners"
"22869","Lactobacillus_iners"
"22918","Lactobacillus_iners"
"22968","Lachnospiraceae_BVAB1"
"22977","Lactobacillus_crispatus_cluster"
"22994","Lactobacillus_iners"
"23015","notype"
"23041","Lactobacillus_jensenii/fornicalis/psittaci"
"23049","Lactobacillus_iners"
"23056","Lactobacillus_iners"
"23063","Gardnerella_vaginalis"
"23081","Lactobacillus_gasseri_cluster"
"23087","Lactobacillus_iners"
"23113","Lactobacillus_iners"
"23125","Lactobacillus_crispatus_cluster"
"23133","Lactobacillus_iners"
"23141","Lactobacillus_iners"
"23144","Lactobacillus_iners"
"23150","Lachnospiraceae_BVAB1"
"23156","Lactobacillus_iners"
"23171","Lactobacillus_iners"
"23180","Lactobacillus_iners"
"23197","Lactobacillus_crispatus_cluster"
"23248","Lactobacillus_iners"
"23276","Lachnospiraceae_BVAB1"
"23304","Lactobacillus_iners"
"23348","Prevotella_cluster2"
"23358","Lactobacillus_iners"
"23368","Gardnerella_vaginalis"
"23384","Lactobacillus_gasseri_cluster"
"23400","Lactobacillus_crispatus_cluster"
"23404","Lactobacillus_iners"
"23408","Lactobacillus_jensenii/fornicalis/psittaci"
"23417","Lactobacillus_iners"
"23428","Lactobacillus_jensenii/fornicalis/psittaci"
"23472","Lactobacillus_crispatus_cluster"
"23480","Lactobacillus_iners"
"23482","Lactobacillus_iners"
"23488","Lactobacillus_iners"
"23491","Lactobacillus_iners"
"23494","Gardnerella_vaginalis"
"23496","Gardnerella_vaginalis"
"23523","Lactobacillus_iners"
"23527","Lactobacillus_iners"
"23529","Lactobacillus_iners"
"23548","Lactobacillus_iners"
"23553","Lactobacillus_crispatus_cluster"
"23557","Lactobacillus_crispatus_cluster"
"23558","Lactobacillus_iners"
"23580","Lactobacillus_iners"
"23584","Lachnospiraceae_BVAB1"
"23600","Lactobacillus_crispatus_cluster"
"23604","Lachnospiraceae_BVAB1"
"23641","Mycoplasma_hominis"
"23649","Lactobacillus_crispatus_cluster"
"23657","Lactobacillus_iners"
"23693","Lactobacillus_iners"
"23704","Lactobacillus_iners"
"23718","Lactobacillus_iners"
"23727","Lactobacillus_iners"
"23728","Lactobacillus_iners"
"23733","Lactobacillus_iners"
"23756","Lactobacillus_iners"
"23760","Lactobacillus_jensenii/fornicalis/psittaci"
"23764","Lactobacillus_iners"
"23766","Lactobacillus_crispatus_cluster"
"23804","Lactobacillus_iners"
"23811","Lactobacillus_crispatus_cluster"
"23817","Lactobacillus_crispatus_cluster"
"23818","Lactobacillus_iners"
"23836","Lactobacillus_crispatus_cluster"
"23847","Lactobacillus_crispatus_cluster"
"23852","Lactobacillus_iners"
"23854","notype"
"23870","Lactobacillus_iners"
"23879","Gardnerella_vaginalis"
"23886","Lactobacillus_iners"
"23913","Lactobacillus_iners"
"23935","Lactobacillus_crispatus_cluster"
"23949","Lactobacillus_iners"
"23958","Lactobacillus_iners"
"23974","Gardnerella_vaginalis"
"24027","Lachnospiraceae_BVAB1"
"24051","Lactobacillus_iners"
"24053","Lactobacillus_iners"
"24070","Lactobacillus_iners"
"24076","Lactobacillus_jensenii/fornicalis/psittaci"
"24096","Lachnospiraceae_BVAB1"
"24098","Lactobacillus_gasseri_cluster"
"24116","Lactobacillus_iners"
"24132","Lactobacillus_iners"
"24142","Lactobacillus_crispatus_cluster"
"24162","Lactobacillus_iners"
"24187","Lactobacillus_iners"
"24207","Lachnospiraceae_BVAB1"
"24210","Lactobacillus_crispatus_cluster"
"24225","Lactobacillus_iners"
"24231","Lactobacillus_iners"
"24249","Lachnospiraceae_BVAB1"
"24251","Lactobacillus_crispatus_cluster"
"24260","Megasphaera_OTU70_type1"
"24268","Lactobacillus_iners"
"24271","Lactobacillus_iners"
"24273","Lactobacillus_iners"
"24290","Lactobacillus_gasseri_cluster"
"24310","Lactobacillus_crispatus_cluster"
"24316","Lactobacillus_crispatus_cluster"
"24317","Lactobacillus_iners"
"24323","Lactobacillus_iners"
"24336","Lactobacillus_iners"
"24361","Lactobacillus_iners"
"24375","Lactobacillus_gasseri_cluster"
"24378","Lactobacillus_crispatus_cluster"
"24380","Lactobacillus_crispatus_cluster"
"24399","Lactobacillus_iners"
"24400","Atopobium_vaginae"
"24411","Lactobacillus_iners"
"24422","Lactobacillus_crispatus_cluster"
"24464","Atopobium_vaginae"
"24487","Lactobacillus_iners"
"24504","Lactobacillus_crispatus_cluster"
"24535","Lactobacillus_iners"
"24537","Lactobacillus_iners"
"24541","Streptococcus_agalactiae"
"24567","Lactobacillus_iners"
"24578","Lactobacillus_iners"
"24580","Lactobacillus_crispatus_cluster"
"24597","Lactobacillus_iners"
"24601","Lactobacillus_jensenii/fornicalis/psittaci"
"24609","Lactobacillus_crispatus_cluster"
"24613","Lactobacillus_iners"
"24655","Lachnospiraceae_BVAB1"
"24673","Lactobacillus_iners"
"24688","Lactobacillus_crispatus_cluster"
"24690","Lactobacillus_iners"
"24692","Lactobacillus_iners"
"24705","Lactobacillus_crispatus_cluster"
"24707","Lactobacillus_crispatus_cluster"
"24738","Lactobacillus_iners"
"24745","Lactobacillus_crispatus_cluster"
"24763","Lactobacillus_crispatus_cluster"
"24771","Lactobacillus_iners"
"24776","Lactobacillus_iners"
"24785","Lactobacillus_iners"
"24795","Lactobacillus_iners"
"24807","Lactobacillus_crispatus_cluster"
"24808","Lactobacillus_iners"
"24811","Lactobacillus_crispatus_cluster"
"24819","Lactobacillus_gasseri_cluster"
"24824","Lactobacillus_iners"
"24827","Gardnerella_vaginalis"
"24833","Lactobacillus_iners"
"24845","Lachnospiraceae_BVAB1"
"24878","Lactobacillus_jensenii/fornicalis/psittaci"
"24882","Lachnospiraceae_BVAB1"
"24909","Lactobacillus_crispatus_cluster"
"24914","Lactobacillus_crispatus_cluster"
"24952","Lactobacillus_iners"
"24972","Lactobacillus_iners"
"24978","Lachnospiraceae_BVAB1"
"24996","Lactobacillus_crispatus_cluster"
"24998","Megasphaera_OTU70_type1"
"25002","Lactobacillus_jensenii/fornicalis/psittaci"
"25003","Lactobacillus_iners"
"25045","Lachnospiraceae_BVAB1"
"25051","Lactobacillus_iners"
"25058","Lactobacillus_iners"
"25060","Lactobacillus_iners"
"25097","Lactobacillus_iners"
"25099","Lactobacillus_crispatus_cluster"
"25102","Lachnospiraceae_BVAB1"
"25103","Lactobacillus_crispatus_cluster"
"25109","Gardnerella_vaginalis"
"25118","Lactobacillus_gasseri_cluster"
"25150","Lactobacillus_iners"
"25161","Gardnerella_vaginalis"
"25163","Lactobacillus_iners"
"25171","Lactobacillus_iners"
"25172","Lactobacillus_iners"
"25185","Lactobacillus_iners"
"25192","Lactobacillus_crispatus_cluster"
"25194","notype"
"25208","Lactobacillus_iners"
"25217","Lactobacillus_iners"
"25219","Bifidobacterium_breve_cluster"
"25224","Lactobacillus_iners"
"25244","Lactobacillus_crispatus_cluster"
"25247","Mycoplasma_girerdii"
"25252","Lactobacillus_iners"
"25253","Lactobacillus_iners"
"25258","Lactobacillus_iners"
"25267","Lachnospiraceae_BVAB1"
"25296","Lactobacillus_iners"
"25301","Lactobacillus_iners"
"25317","Mycoplasma_girerdii"
"25320","Lactobacillus_iners"
"25339","Lactobacillus_crispatus_cluster"
"25352","Streptococcus_agalactiae"
"25353","Lactobacillus_iners"
"25355","Lactobacillus_iners"
"25358","Atopobium_vaginae"
"25359","Lactobacillus_iners"
"25362","Gardnerella_vaginalis"
"25384","Lactobacillus_iners"
"25387","Lactobacillus_crispatus_cluster"
"25396","Lactobacillus_iners"
"25429","Atopobium_vaginae"
"25430","Lactobacillus_iners"
"25443","Lactobacillus_iners"
"25444","Lactobacillus_iners"
"25495","Lactobacillus_iners"
"25525","Mycoplasma_hominis"
"25535","Lactobacillus_crispatus_cluster"
"25540","Lactobacillus_crispatus_cluster"
"25546","Lactobacillus_crispatus_cluster"
"25551","Atopobium_vaginae"
"25572","Lactobacillus_iners"
"25578","Lactobacillus_iners"
"25600","Lactobacillus_jensenii/fornicalis/psittaci"
"25619","Lactobacillus_iners"
"25695","Lactobacillus_iners"
"25756","Lachnospiraceae_BVAB1"
"25761","Lactobacillus_iners"
